id,label
Wei,Inventor
Yichuan Guan,Inventor
Gui,Inventor
Frank,Inventor
Georg,Inventor
Timo Grosse Prues,Inventor
Komma,Inventor
Kiefer,Inventor
Varga,Inventor
Peter Varjas,Inventor
Windolf,Inventor
Viktor,Inventor
Markus,Inventor
Michael,Inventor
Jano Verhoek,Inventor
van Hemert,Inventor
Thomas,Inventor
Huy HARTE,Inventor
Phan,Inventor
Sun,Inventor
Feng,Inventor
Ghadimi,Inventor
Xue Epstein,Inventor
Meyer,Inventor
Craig H.,Inventor
Changyu,Inventor
Frederick H.,Inventor
Sona,Inventor
Si,Inventor
Kang,Inventor
Pu Wu,Inventor
Lee,Inventor
Zheng,Inventor
Necip,Inventor
Aysun Berme,Inventor
Gokoglu,Inventor
Bono,Inventor
Scales,Inventor
Lord,Inventor
Thomas J.,Inventor
John S.,Inventor
James D.,Inventor
Peter L. Lark,Inventor
Vincent Shiau,Inventor
John R. Hudak,Inventor
Stephen Roger Kestell,Inventor
Ennaji,Inventor
Islam,Inventor
Vukojevic,Inventor
Baurick,Inventor
Taradzei,Inventor
Jason,Inventor
Bojan,Inventor
Khurrum Mahesh,Inventor
Rachid,Inventor
Yury,Inventor
Siddheshwar,Inventor
Dylan,Inventor
Jason Duke,Inventor
Acerbi,Inventor
Eoh,Inventor
Yang,Inventor
Joo,Inventor
Kim,Inventor
Nam,Inventor
Gyuho Kim,Inventor
Jungsik,Inventor
Hyoungrock,Inventor
Jinuh,Inventor
Minjung,Inventor
Donghak,Inventor
Moonsik,Inventor
Sang Ki,Inventor
Sookhyun,Inventor
Cola,Inventor
Madigan,Inventor
Dave,Inventor
Martin S.,Inventor
Mark J.,Inventor
Vivek R.,Inventor
R. Bruce Piltch,Inventor
Muffaddal,Inventor
Sanjay Ghadiali,Inventor
Dayal,Inventor
Boulton,Inventor
Grigore,Inventor
Wolff,Inventor
Elena Corina,Inventor
Tung Minh,Inventor
Eric,Inventor
Emilio,Inventor
Freddy Frazzoli,Inventor
Wang,Inventor
Garimella,Inventor
Crego,Inventor
Kavalar,Inventor
Bagschik,Inventor
Andraz,Inventor
Andrew Scott,Inventor
Gowtham Haggblade,Inventor
Kai Zhenyu,Inventor
Gerrit,Inventor
Akif,Inventor
Brand,Inventor
"Evan Paul Silcox, Jr.",Inventor
Sevel,Inventor
John,Inventor
Frederick Gary,Inventor
Sammy,Inventor
Adlai,Inventor
Georgios Felser,Inventor
Chrysanthakopoulos,Inventor
Akshata Kishore,Inventor
Arvind,Inventor
Kaustubh,Inventor
Seema Moharir,Inventor
Sundararaman,Inventor
Kaluskar,Inventor
Chopra,Inventor
Sinnema,Inventor
Jurjen van der Dong,Inventor
Feijen,Inventor
Harm W.,Inventor
Franciscus,Inventor
Pradyumna THIRUVENKATANATHAN,Inventor
Manbinder Pal Singh,Inventor
Murugesan,Inventor
Drees,Inventor
Jiang,Inventor
Kirk H. Ramamurti,Inventor
Risbeck,Inventor
Young-Min,Inventor
Michael J.,Inventor
Zhanhong,Inventor
Viswanath,Inventor
Sugumar,Inventor
Zhongxuan Liu,Inventor
Thomas Michael,Inventor
Albert,Inventor
Barak Dedeco,Inventor
Yuen,Inventor
Michener,Inventor
Zhang,Inventor
Bai,Inventor
Zhao,Inventor
Liu,Inventor
Xia,Inventor
Huang,Inventor
Jizhou,Inventor
Yuting,Inventor
Zhen,Inventor
Hui,Inventor
Deguo LU,Inventor
Hongxia,Inventor
Liuhui,Inventor
James William,Inventor
James John Edward Holland,Inventor
Pugh,Inventor
David Aaron Hurwitz,Inventor
Alvaro Sanchez,Inventor
Ian,Inventor
Carlos Castro,Inventor
Aurelien Ferro,Inventor
Butterworth,Inventor
Gonzalez,Inventor
Bourquard,Inventor
Ma,Inventor
Huarong Liu,Inventor
Yue,Inventor
Zhen Hua,Inventor
Jianhua,Inventor
Nakkala,Inventor
Yi,Inventor
Sundaresan,Inventor
Jianfeng Fan,Inventor
YANG,Inventor
Yanhua,Inventor
Yu,Inventor
Vijay,Inventor
Jiajun,Inventor
Vinod Kumar,Inventor
Shane Lee,Inventor
Cordourier Maruri,Inventor
Camacho Perez,Inventor
Ibarra Von Borstel,Inventor
Duzinkiewicz,Inventor
Kupryjanow,Inventor
Paulo Lopez Esquivel,Inventor
Jonathan,Inventor
Jose Rodrigo,Inventor
Alejandro,Inventor
Karol,Inventor
Hector,Inventor
Adam,Inventor
Julio Zamora,Inventor
Enning Wang,Inventor
Obai Nabeel Malik Shaikh,Inventor
Mauro,Inventor
Zampato,Inventor
Galluzzi,Inventor
Renato,Inventor
Massimo,Inventor
Stefano,Inventor
Stefano Carminati,Inventor
Birley,Inventor
Bennett,Inventor
Maske,Inventor
Miller,Inventor
Robert Filev,Inventor
Upadhyay,Inventor
Justin,Inventor
Jim,Inventor
Devesh,Inventor
Dimitar Petrov,Inventor
Harshal,Inventor
Sauer,Inventor
Mueller,Inventor
Horn,Inventor
Klaus-Robert Bogojeski,Inventor
Yakut,Inventor
Simeon,Inventor
Nataliya,Inventor
Mihail,Inventor
Franziska,Inventor
Ren,Inventor
Andrei,Inventor
Raquel,Inventor
Mengye,Inventor
Bin Pokrovsky,Inventor
Urtasun,Inventor
Boehlke,Inventor
Kakkar,Inventor
Shantnu Santamaria,Inventor
Tahiliani,Inventor
Eric Paul,Inventor
Kapil,Inventor
Juan Carlos,Inventor
Qi Chen,Inventor
Henry,Inventor
Cameron,Inventor
Suvro,Inventor
Kellie,Inventor
Rajarshi Real,Inventor
Stinson,Inventor
Choudhury,Inventor
Meshell,Inventor
Kar,Inventor
Lozano,Inventor
Abe,Inventor
Georgios,Inventor
Naoki,Inventor
Aurelie C. Kollias,Inventor
Dhivakaran,Inventor
Srinivas Hegde,Inventor
Varghese,Inventor
Gudi,Inventor
PRASAD TANNIRU,Inventor
Kabbinale,Inventor
VIJAYARAGHAVAN,Inventor
KULKARNI,Inventor
MV,Inventor
Bhavana V,Inventor
Vijeth,Inventor
Sherin,Inventor
Rajendra,Inventor
Ravindra,Inventor
Koushik M.,Inventor
Shruthi,Inventor
Santhosh,Inventor
Sneha S.,Inventor
Aditi Shekar,Inventor
Jain,Inventor
Gennetten,Inventor
Irish,Inventor
George N.,Inventor
Donald,Inventor
Amy,Inventor
Gaurav Shen,Inventor
Mercian,Inventor
Chinlin,Inventor
Anu Chen,Inventor
Chaves de Aguiar,Inventor
O'Toole,Inventor
Christopher Diebold ZILOUCHIAN MOGHADDAM,Inventor
ROSHANAK,Inventor
Mulpuri,Inventor
Reddy,Inventor
Mandal,Inventor
Merin,Inventor
Shetty,Inventor
Raja Shekhar Ghosh,Inventor
Howard,Inventor
Atri,Inventor
Shainy,Inventor
Sudhir Vittal,Inventor
Adityam,Inventor
Palavali Shravan Kumar,Inventor
Dustin,Inventor
Sampanna Shahaji,Inventor
Eric L.,Inventor
Uri Garvey,Inventor
Salunke,Inventor
Sutton,Inventor
Shaft,Inventor
Sharon,Inventor
Zamir,Inventor
Ran Avraham,Inventor
Alrod,Inventor
Idan,Inventor
David,Inventor
Eran,Inventor
Prashant,Inventor
Michael G.,Inventor
Slawomir,Inventor
Dallas Lamont Bondada,Inventor
Rascher,Inventor
Sobon,Inventor
Willett,Inventor
Hua,Inventor
Kuolin Gao,Inventor
Kunxiu,Inventor
Robert William,Inventor
Michael A.,Inventor
Lawrence J. Koehler,Inventor
Klingbeil,Inventor
Birk,Inventor
Sunil Kaitha,Inventor
Ke,Inventor
Fei Han,Inventor
Peng,Inventor
Frederickson,Inventor
Bowron,Inventor
Galin,Inventor
Yun,Inventor
Sunghee,Inventor
Benjamin John,Inventor
Suhail,Inventor
Pierre Mirza,Inventor
Yepez,Inventor
Douglas,Inventor
Auricchio,Inventor
Kim-Biggs,Inventor
Fuller,Inventor
Goryachok,Inventor
Andrus,Inventor
Chimene,Inventor
Steffen,Inventor
Blaine,Inventor
Roberto G.,Inventor
Simon,Inventor
Russell A.,Inventor
Joseph R.,Inventor
John K.,Inventor
Landon J.,Inventor
Yevgen,Inventor
Jeremy C.,Inventor
Daniel A.,Inventor
James M.,Inventor
Arnold S. Magee,Inventor
Joseph,Inventor
Jacob Laughton,Inventor
Arthur Brian,Inventor
Tessil,Inventor
Venkat Konda,Inventor
Vaibhav,Inventor
Abdullah,Inventor
Anshul,Inventor
Nitin Gosain,Inventor
Karthik,Inventor
Reza,Inventor
Gupta,Inventor
Rathor,Inventor
Kuchibhotla,Inventor
Rawat,Inventor
Launier,Inventor
Maneesh Khanuja,Inventor
Menon,Inventor
Jeremy,Inventor
Balasubrahmanyam,Inventor
Sujit,Inventor
Kamaldeep,Inventor
Pullen,Inventor
Jibaja,Inventor
Chellappa,Inventor
Stefan Jaikumar,Inventor
Dorsett,Inventor
Ivan,Inventor
Srinivas,Inventor
Curtis,Inventor
Hossein,Inventor
Samuel,Inventor
Bryan Kakavand,Inventor
Wood,Inventor
Matsuo,Inventor
Kenneth William,Inventor
Qing,Inventor
Peter Cluff,Inventor
Li,Inventor
Councill,Inventor
Tannehill,Inventor
Vakalapudi,Inventor
Jagmohan,Inventor
Suneetha,Inventor
Soren Singh,Inventor
Adhish,Inventor
Kushal Ramkumar,Inventor
Nigam,Inventor
Debajyoti Roy,Inventor
Volker,Inventor
Ralf-Juergen Driesen,Inventor
Hauck,Inventor
Futian Dong,Inventor
Gonzalez Aguirre,Inventor
Felip Leon,Inventor
Ignacio,Inventor
Javier,Inventor
David Alvarez,Inventor
Borchmann,Inventor
Dwojak,Inventor
Garncarek,Inventor
Jurkiewicz,Inventor
Szyndler,Inventor
Turski,Inventor
Palka,Inventor
Tomasz Pietruszka,Inventor
Lukasz Slawomir,Inventor
Dawid Andrzej,Inventor
Karolina,Inventor
Michal,Inventor
Lukasz Konrad,Inventor
Gabriela Klaudia,Inventor
Michal Waldemar,Inventor
Jones,Inventor
Sotolongo,Inventor
Daniel Cseri,Inventor
Mills,Inventor
Daniel E.,Inventor
Istvan,Inventor
Tyler,Inventor
Brian N. Harvey,Inventor
Bradford Scott,Inventor
Subhasish Wysocki,Inventor
Sullivan,Inventor
Roy,Inventor
Shashank Mohan Jain,Inventor
Ilker Kavas,Inventor
Aurelian Dumitru,Inventor
Kadiyala,Inventor
Ramaiah,Inventor
Amdekar,Inventor
Mahindrakar,Inventor
Jahnavi,Inventor
Suresh,Inventor
Vijaya,Inventor
Krishna Raj,Inventor
Subramaniam Ramanadham,Inventor
Vasyl,Inventor
Senthil Kumar Pihur,Inventor
Sundaram,Inventor
Ahmad Hassan,Inventor
Shah,Inventor
Romil J. Ross,Inventor
Lucas,Inventor
Walter,Inventor
Pablo,Inventor
Alan,Inventor
Javed DeFoor,Inventor
Arredondo,Inventor
deLevie,Inventor
Qadrud-Din,Inventor
Gutta,Inventor
Jaya Prakash Narayana,Inventor
Sharad,Inventor
Lalit Malhautra,Inventor
Manisha,Inventor
Kolachalam,Inventor
Jena,Inventor
Kumar Jain,Inventor
Narayanan,Inventor
Dutt,Inventor
Swamy,Inventor
Ranjan Kumar,Inventor
Suket,Inventor
Siddesha,Inventor
Kanakalata,Inventor
Rajnikant,Inventor
Manish Sharma Dubey,Inventor
Jennifer Leigh Lewis,Inventor
Feris,Inventor
Rogerio S.,Inventor
Xiaoxiao Wu,Inventor
Guo,Inventor
Ghafourifar,Inventor
Brienne Ghafourifar,Inventor
Alston,Inventor
Yehezkel Shraga,Inventor
Yair,Inventor
Alexander,Inventor
Oren Sar Resheff,Inventor
Horesh,Inventor
Zhicharevich,Inventor
Shalom,Inventor
Mark William Kadayam,Inventor
Reed,Inventor
Sundaresan R.,Inventor
Bharatwaaj,Inventor
Subham Shankar,Inventor
Biswas,Inventor
Fang-Chung Huang,Inventor
Chen,Inventor
Dekel,Inventor
Siani Cohen,Inventor
Stanger,Inventor
Nachshon,Inventor
Gat,Inventor
Shai Perez,Inventor
Noa,Inventor
Meir,Inventor
Hana,Inventor
Oded,Inventor
Hila,Inventor
Hilkene,Inventor
Sanchez,Inventor
ZHU,Inventor
SRIVASTAVA,Inventor
Marath Sankarathodi,Inventor
Zuoming,Inventor
Surendra Singh,Inventor
Patricia M.,Inventor
Bindusagar,Inventor
Ala,Inventor
Errol Antonio C.,Inventor
Martin A. Moradian,Inventor
Ananthanarayanan,Inventor
Bhardwaj,Inventor
Bahl,Inventor
Hsieh,Inventor
SHU,Inventor
Paramvir,Inventor
Tsu-wang,Inventor
Yuanchao,Inventor
Ganesh,Inventor
Nikolaos,Inventor
Romil KARIANAKIS,Inventor
Lai,Inventor
Pan,Inventor
Chai,Inventor
Junbin,Inventor
Xuanliang,Inventor
Haixia,Inventor
Yabing,Inventor
Lichun,Inventor
Yu-Hsien,Inventor
Wei LIAO,Inventor
Xiong,Inventor
Xiao,Inventor
He,Inventor
XING,Inventor
Wipf,Inventor
Soatto,Inventor
Zheng Wang,Inventor
Yifan,Inventor
David Paul,Inventor
Tianjun,Inventor
Yuanjun,Inventor
Tong,Inventor
Yongxin,Inventor
Wilson,Inventor
Cardona,Inventor
White,Inventor
Nolan,Inventor
Phillip Michael,Inventor
Kip Wilkowski,Inventor
Templeton-Steadman,Inventor
Ziegler,Inventor
MacDonald,Inventor
Nassar,Inventor
Joan Nelson,Inventor
Neil Charles,Inventor
William James,Inventor
Richard,Inventor
Darin,Inventor
James Douglas,Inventor
Shikhar,Inventor
Vikesh Connor,Inventor
Shrestha,Inventor
Khanna,Inventor
Nguyen,Inventor
Tin Chi Imani Hossein Abad,Inventor
Navid,Inventor
Kohout,Inventor
Mulrooney,Inventor
LeVine,Inventor
Sharma,Inventor
Tarrant,Inventor
Plotnikov,Inventor
Obando,Inventor
Karel Kavanadala Sridhar,Inventor
Lacroix,Inventor
Richard B.,Inventor
Mário Lauande,Inventor
Navdeep,Inventor
Jee Hyub,Inventor
Finbarr,Inventor
Anton,Inventor
Johnny,Inventor
Gopal,Inventor
Eanna,Inventor
Jay C. Roytman,Inventor
Jacobs,Inventor
Adkins,Inventor
Chris,Inventor
Stephan Inkenbrandt,Inventor
Karnik,Inventor
Al-Onaizan,Inventor
Goyal,Inventor
Manjunatha,Inventor
Bodapati,Inventor
Pushkin,Inventor
Dixit,Inventor
Sameer Mallya Kasaragod,Inventor
Parmesh,Inventor
Abhinav,Inventor
Sravan Babu,Inventor
Yahor,Inventor
Syed Kashif Hussain,Inventor
Kalpit,Inventor
Alok Kumar,Inventor
Sunil,Inventor
Yaser,Inventor
Goodsitt,Inventor
Kwak,Inventor
Walters,Inventor
Key,Inventor
Rafferty,Inventor
Truong,Inventor
Pham,Inventor
Austin,Inventor
Ernest,Inventor
Kate,Inventor
Galen,Inventor
Anh,Inventor
Vincent,Inventor
Alvin,Inventor
Jeremy Hua,Inventor
Richard Jay Langley,Inventor
Jung,Inventor
Son,Inventor
Sangyoon,Inventor
Yeonsu,Inventor
Geehyuk,Inventor
Sunmin Lee,Inventor
Jingun,Inventor
Neil L.,Inventor
Seth David Hoopingarner,Inventor
Filip,Inventor
"Sorrentino, III",Inventor
Yerkes,Inventor
HOLDER,Inventor
William A. Faulkner,Inventor
Lemay,Inventor
Stephen O.,Inventor
Wesley M.,Inventor
Israel,Inventor
Jeffrey M.,Inventor
Giancarlo,Inventor
Pastrana Vicente,Inventor
Jeffrey,Inventor
Paul Erich Huang,Inventor
Keel,Inventor
Boris Glimcher,Inventor
Papandreou,Inventor
Fry,Inventor
Nikolas,Inventor
Brown,Inventor
Ioannou,Inventor
Pozidis,Inventor
Pletka,Inventor
Roman A.,Inventor
Charalampos,Inventor
Aaron D.,Inventor
Radu Ioan,Inventor
Jenny L. Stoica,Inventor
Parker,Inventor
Gorobets,Inventor
Martin,Inventor
Shohet,Inventor
Sergey Anatolievich,Inventor
Michelle,Inventor
Yuval,Inventor
Alan David,Inventor
Liam Michael Bennett,Inventor
Curtis-Maury,Inventor
Devadas,Inventor
Kesavan,Inventor
Vinay,Inventor
Matthew Fontaine,Inventor
Ananthan,Inventor
Ram Subramanian,Inventor
Mathews,Inventor
Sen,Inventor
Patel,Inventor
Alexander S. Nanda,Inventor
Chawla,Inventor
Rohit K.,Inventor
Dixitkumar Vishnubhai,Inventor
Bijayalaxmi,Inventor
Soumyadeep,Inventor
Wenjiang,Inventor
Yan,Inventor
Weijun Li,Inventor
Edvenson,Inventor
Vrooman,Inventor
Tyler King,Inventor
Nepal,Inventor
Greg,Inventor
Matthew,Inventor
Kumud,Inventor
Judah Gamliel,Inventor
Shay Hahn,Inventor
Benisty,Inventor
Shay Benisty,Inventor
Leonard,Inventor
Roy Man,Inventor
Ye,Inventor
Peijing,Inventor
Xiaolei,Inventor
Bryan,Inventor
Hunt,Inventor
Nisarg,Inventor
Rebecca,Inventor
Rishabh,Inventor
Thomas Vyas,Inventor
Radkoff,Inventor
Andre,Inventor
Singh,Inventor
Mapes,Inventor
Sonar,Inventor
Coburn,Inventor
Vargo,Inventor
Alalami,Inventor
Anoopkumar Sandip,Inventor
Bradley J.,Inventor
Keegan,Inventor
Riyadir,Inventor
Scott E. Elliott,Inventor
William,Inventor
Jeong,Inventor
Ko,Inventor
Huh,Inventor
OH,Inventor
Park,Inventor
Choi,Inventor
Youn-Sik Lee,Inventor
Chang Wook,Inventor
Joon-wan,Inventor
Tae Ho,Inventor
Seung-ju,Inventor
Kwang-Il,Inventor
Jeong-Hoon,Inventor
In,Inventor
Young Min,Inventor
Hyun-Sun,Inventor
Hyo-jin,Inventor
Jun Haeng,Inventor
Shi,Inventor
Baoxu Yang,Inventor
Shan,Inventor
Jaewon,Inventor
David D.,Inventor
Theresa N.,Inventor
Abdullah Farid Pokrajac,Inventor
Ward,Inventor
Adlouni,Inventor
ASAO,Inventor
IIDA,Inventor
KRUENGKRAI,Inventor
Torisawa,Inventor
Kidawara,Inventor
Yoshihiko,Inventor
Ryu,Inventor
Canasai,Inventor
Kentaro,Inventor
Yutaka,Inventor
Kanako,Inventor
Noriyuki Onishi,Inventor
Meike,Inventor
Kumar,Inventor
Malynin,Inventor
De Peuter,Inventor
COULOMBE,Inventor
Conrad,Inventor
Pavlo,Inventor
Cynthia Joann,Inventor
Gregory Kenneth,Inventor
Sricharan Kallur Palli Osmon,Inventor
Roger C.,Inventor
Ning,Inventor
Zhou,Inventor
Shizhu Li,Inventor
Fan,Inventor
Xiaochuan,Inventor
Min,Inventor
Guanghan,Inventor
Fang,Inventor
Janani,Inventor
Nadiya,Inventor
Su Lu,Inventor
Janakiraman,Inventor
Kochura,Inventor
Ramanarayanan,Inventor
Ghosh,Inventor
Debanjan Mulholland,Inventor
Vikram,Inventor
Eunchung NOH,Inventor
Murli,Inventor
Walker,Inventor
Gajek,Inventor
DeFoor,Inventor
Divyanshu Qadrud-Din,Inventor
Gao,Inventor
Shang,Inventor
Marcin,Inventor
Javed,Inventor
Ryan,Inventor
Murray M.,Inventor
Karl Stokely,Inventor
Millar,Inventor
Shen,Inventor
Tabachnyk,Inventor
Pyatykh,Inventor
Grabljevec,Inventor
Nikolov,Inventor
Korovina,Inventor
Ksenia,Inventor
Stanislav,Inventor
Erik,Inventor
Stoyan Stefanov,Inventor
Yurun,Inventor
Maxim Gryaznov,Inventor
Evgeny,Inventor
Itay,Inventor
Yair Margolin,Inventor
Kevin D.,Inventor
Christopher,Inventor
Scott A. Howard,Inventor
Smith,Inventor
Vitez,Inventor
Chang,Inventor
Eugenio Zaidy,Inventor
Culurciello,Inventor
Andre Xian Ming,Inventor
Aliasger Tayeb,Inventor
Marko,Inventor
Sura,Inventor
Myers,Inventor
Jehan Jayant Lang,Inventor
Sethna,Inventor
Jignesh,Inventor
Clayton,Inventor
Timothy,Inventor
Jay,Inventor
Meghwanshi,Inventor
Xu,Inventor
Herrera Ortiz,Inventor
Chhabra,Inventor
Malladihalli Shashidhara,Inventor
Stephenson,Inventor
Huaming Baral,Inventor
Punj,Inventor
Abhishek,Inventor
Hanyi,Inventor
Juan-Arturo,Inventor
Avnish Kumar,Inventor
Bhuvan,Inventor
Sisi,Inventor
Prateek,Inventor
Yilan,Inventor
Pallavi,Inventor
Mayank,Inventor
Pouyez,Inventor
Morrissey,Inventor
Chinnakannan,Inventor
Palani,Inventor
Christopher Michael,Inventor
Lomash,Inventor
Venkata Harish,Inventor
Nicolas Kommaraju,Inventor
Ramu,Inventor
Jiangtao Panayappan,Inventor
Wu,Inventor
Raj,Inventor
Wittenauer,Inventor
Gummalla,Inventor
Qinglai,Inventor
Joel Patrick,Inventor
Bryan J.,Inventor
Winthrop John,Inventor
Samatha,Inventor
Ashish Xiao,Inventor
Zhihao,Inventor
Sheng,Inventor
Jingjing,Inventor
Jia Dong,Inventor
Koryakin,Inventor
Ozerkov,Inventor
Beloussov,Inventor
Konstantin Dobrovolskiy,Inventor
Grechishkin,Inventor
Serguei M.,Inventor
Alexey B.,Inventor
Alexander V.,Inventor
Nikolay,Inventor
Soon-Shiong,Inventor
BASSETT,Inventor
Aaron Randolph,Inventor
Patrick Wiacek,Inventor
Ziang,Inventor
Michael T.,Inventor
Christopher Zhang,Inventor
Davis,Inventor
Thumbavanam Padmanabhan,Inventor
Ostrovsky,Inventor
Gold,Inventor
Igor,Inventor
Brian,Inventor
Emily,Inventor
Ramnath Sai Sagar Potyraj,Inventor
Ming-Kai Hsu,Inventor
Boothby,Inventor
King,Inventor
Yarkoni,Inventor
Andriyash,Inventor
Andrew D. Amin,Inventor
Lanting,Inventor
Evgeny A.,Inventor
Trevor Michael,Inventor
Kelly T. R.,Inventor
Mohammad H.,Inventor
Sheir,Inventor
Nicholas John Teague,Inventor
Noah,Inventor
Bryce Horton,Inventor
Chriestenson,Inventor
Denchev,Inventor
Neven,Inventor
Hartmut,Inventor
Vasil S. Ding,Inventor
Serag,Inventor
Ofer,Inventor
Karamvir Gadelrab,Inventor
Rosenberg,Inventor
CHATHA,Inventor
Kenneth Neumann,Inventor
Bramble,Inventor
Samulowitz,Inventor
Filla,Inventor
Kirchner,Inventor
Chaudhary,Inventor
Gregory,Inventor
Peter D.,Inventor
Arunima,Inventor
Dakuo,Inventor
Horst Cornelius Wang,Inventor
Dickneite,Inventor
Fiala,Inventor
Chandrappa,Inventor
Mark A. Gajendran,Inventor
Zaheer,Inventor
Rashid,Inventor
Mahesh,Inventor
Suresh B.,Inventor
Charles T.,Inventor
Thothathri,Inventor
Koch,Inventor
Lin,Inventor
Sainion,Inventor
Paul,Inventor
Douglas A.,Inventor
Howie,Inventor
Changsha,Inventor
Dianhuan,Inventor
Parnit,Inventor
Narinder,Inventor
Shashank,Inventor
Rex,Inventor
Visvanathan Shang,Inventor
Sharifi,Inventor
Jakob Nicolaus,Inventor
Matthew Foerster,Inventor
Hu,Inventor
Yoon,Inventor
Swanson,Inventor
Nathan Hawkins-Daarud,Inventor
Gaw,Inventor
Jing,Inventor
Kristin R.,Inventor
Teresa,Inventor
Leland S.,Inventor
Andrea,Inventor
Hyunsoo,Inventor
Chaudhari,Inventor
Vinayagamurthy,Inventor
Chemmengath,Inventor
Nishad,Inventor
Dhinakaran,Inventor
Harsh Dayama,Inventor
Saneem Ahmed,Inventor
Sandeep,Inventor
Pankaj S.,Inventor
Joni Bridget Jezewski,Inventor
LIAO,Inventor
Junbin Feng,Inventor
"Walker, Jr.",Inventor
Abdo,Inventor
Edward Stephen Guo,Inventor
Mao,Inventor
Congcong,Inventor
Junhua,Inventor
Zijian,Inventor
Nichola,Inventor
Steve,Inventor
Francois Lupien,Inventor
Gervais,Inventor
In Gi,Inventor
Lim,Inventor
BAE,Inventor
Young Hwan,Inventor
Seong Mo,Inventor
Sung Eun,Inventor
Jae Jin,Inventor
Kwang IL Lee,Inventor
Cammarota,Inventor
Jinxia Goldfarb,Inventor
Rosario,Inventor
VO,Inventor
Lok Won,Inventor
QUANG HIEU KIM,Inventor
Wenqian,Inventor
Xiangshui Li,Inventor
Miao,Inventor
Vineet,Inventor
Khare,Inventor
Genc,Inventor
Venkatesan,Inventor
Gurumurthy Dirac,Inventor
Saurabh,Inventor
Balaji,Inventor
Sahika,Inventor
Ragav,Inventor
Leo Parker,Inventor
Bharathan,Inventor
Swaminathan,Inventor
Kai-How Kyriazopoulou Panagiotopoulou,Inventor
Sofia,Inventor
Farh,Inventor
Dmitry,Inventor
Jonathan D.,Inventor
Zahra Vengertsev,Inventor
Harms,Inventor
Hosseinimakarem,Inventor
Perez-Ramirez,Inventor
Tepper,Inventor
Turek,Inventor
Mariano,Inventor
Javier Alvarez,Inventor
Tickoo,Inventor
Hwangbo,Inventor
Krishna Kumar Lee,Inventor
Omesh,Inventor
Teahyung,Inventor
Myung,Inventor
McCarthy,Inventor
Tim,Inventor
Colm Sowell,Inventor
Phung,Inventor
Aarabi,Inventor
Kezele,Inventor
Edmund Elmoznino,Inventor
Levinshtein,Inventor
Cheng-Kai,Inventor
Ruowei,Inventor
Parham,Inventor
Irina,Inventor
Alex,Inventor
Wenzhangzhi,Inventor
Dong,Inventor
Jia,Inventor
Lei Cong,Inventor
Guibin,Inventor
Shijun,Inventor
Hao,Inventor
Xue,Inventor
Wulong,Inventor
Huimin,Inventor
Xijun,Inventor
Fenglong Liu,Inventor
Song,Inventor
Harvey,Inventor
Jeremy David,Inventor
Troy Aaron Fillingim,Inventor
Ganapathi,Inventor
Byung-Hak,Inventor
Hariraam Varun,Inventor
Andrew Kim,Inventor
Atwal,Inventor
CHOI,Inventor
Eunkyung Lee,Inventor
Kiyoung,Inventor
Kyungmi,Inventor
Donghyun,Inventor
Guang,Inventor
Hujun,Inventor
Hongsheng Chen,Inventor
Bao,Inventor
DAGUE,Inventor
Morosan,Inventor
Hamilton,Inventor
Tudor,Inventor
Xuyang,Inventor
Hyunsoo O'Rourke,Inventor
Thomas H.,Inventor
Matthias J. Arnold,Inventor
Scheutz,Inventor
Terui,Inventor
Sekiguchi,Inventor
Fumihiko,Inventor
Pinaki Chandra,Inventor
Kazuki Dey,Inventor
Artiom,Inventor
Bryan Richard,Inventor
Michael C.,Inventor
Vidya Zayats,Inventor
Davidson,Inventor
Riedel,Inventor
Venkatachalam,Inventor
Hahn,Inventor
Poon,Inventor
Cherian,Inventor
Kacholia,Inventor
Kevin Raji,Inventor
Yuet Ping,Inventor
Varun,Inventor
Partha Sarathi,Inventor
Anthony M. Pati,Inventor
Scott C.,Inventor
Vincent Harris,Inventor
Toesca,Inventor
Gooley,Inventor
"Bixia Drennan, III",Inventor
Arthur Paul,Inventor
Brian J.,Inventor
Philip,Inventor
Blake,Inventor
Torsten,Inventor
Umalatha Syme,Inventor
Darche,Inventor
Zeppenfeld,Inventor
Batchu,Inventor
"Michael Patrick Bueche, Jr.",Inventor
Kobulnicky,Inventor
Ben Floyd,Inventor
Matthew L.,Inventor
Nikunj,Inventor
Luca Yadav,Inventor
Marturana,Inventor
David B.,Inventor
Robert William Johnson,Inventor
Graham,Inventor
Asefi,Inventor
Hecht,Inventor
Ho,Inventor
Azita Michirefe,Inventor
Puffer,Inventor
Peter,Inventor
Jorge,Inventor
Al,Inventor
Perumal,Inventor
Rao,Inventor
Jha,Inventor
Rajkumar Nagireddi,Inventor
Pothabattula,Inventor
Lenin Kumar Babu,Inventor
Srujan,Inventor
Babji,Inventor
Anita P.,Inventor
Kause,Inventor
Vijay Manikandan,Inventor
Kevin Michael,Inventor
Nirmala,Inventor
Kymm K. Janakiraman,Inventor
Furbish,Inventor
Ranganathan,Inventor
Sloo,Inventor
Rogers,Inventor
Kortz,Inventor
McGaraghan,Inventor
Fadell,Inventor
Yoky,Inventor
Scott A.,Inventor
Matthew Lee,Inventor
Anthony M.,Inventor
Samuel W. Matsuoka,Inventor
Qin,Inventor
SHANG,Inventor
Meng,Inventor
Zhiwei,Inventor
Wenjie,Inventor
Yiping,Inventor
Qingyang,Inventor
Jieping Li,Inventor
Antoine Chaudry,Inventor
Ali,Inventor
Bachet,Inventor
Tomoki Ueno,Inventor
Laura,Inventor
Spencer Eldon,Inventor
Brian Kreisberg,Inventor
Pingry,Inventor
Taylor,Inventor
"Robert J. Flemma, Jr.",Inventor
Sengupta,Inventor
Basu,Inventor
Kunal Kumar Kumar,Inventor
Tathagata,Inventor
Anirban,Inventor
Ashish,Inventor
Sudheer Kumar Pamuru,Inventor
Grégoire Charraud,Inventor
Saurav,Inventor
Ramasubramanian Manchanda,Inventor
Balasubramanian,Inventor
Mackouse,Inventor
Kolling,Inventor
Rhein,Inventor
Ehrlich,Inventor
Yee,Inventor
Krakowiecki,Inventor
Kevin McMahon,Inventor
Hoople,Inventor
Brett D.,Inventor
Pearl,Inventor
Jack,Inventor
Kathy,Inventor
Elizabeth,Inventor
Brian Paul,Inventor
Qiang,Inventor
Saito,Inventor
Byiringiro,Inventor
Sean,Inventor
Auguste,Inventor
Atreya,Inventor
Jiatai Biswas,Inventor
Sacha Melquiades,Inventor
Philip Andrew De'Angeli,Inventor
Leal,Inventor
Doerken,Inventor
Santa Cruz Masoni,Inventor
Philip Weiss,Inventor
Spanoudes,Inventor
Melissa,Inventor
Jerome,Inventor
Juan Ignacio,Inventor
Yu-Chieh,Inventor
Wei-Yu Chuang,Inventor
Chiu,Inventor
An,Inventor
Yeh,Inventor
Yihan Shen,Inventor
Ching-Yung,Inventor
Danny L.,Inventor
Xinwei,Inventor
Yizhou,Inventor
Cesar Romero,Inventor
Aviv Ben,Inventor
Sheer,Inventor
Yair Arie,Inventor
Dangoor,Inventor
Kuncl,Inventor
Matthew Bailey,Inventor
Brigante,Inventor
Winston,Inventor
Kelly,Inventor
Parker Ralph,Inventor
Ehlmann,Inventor
Reich,Inventor
Xie,Inventor
Tonya S. Bull,Inventor
Yao,Inventor
Yusuke Kikuchi,Inventor
Mahdi,Inventor
James Allan,Inventor
Gioacchino Salmani Rahimi,Inventor
Booth,Inventor
Noris,Inventor
Lu,Inventor
Shechtman,Inventor
Krishna Kumar Li,Inventor
Elya,Inventor
Jingwan,Inventor
Yuheng,Inventor
Yijun,Inventor
Ayush,Inventor
Mayur,Inventor
Balaji Chopra,Inventor
Hemani,Inventor
Krishnamurthy,Inventor
Albrecht,Inventor
Hamann,Inventor
Conrad M. Siebenschuh,Inventor
Siyuan,Inventor
Carlo,Inventor
Hendrik F.,Inventor
Patrick Joseph,Inventor
Long,Inventor
Sujoy Lucey,Inventor
Sha,Inventor
Ganguly,Inventor
Jinhyung,Inventor
Wooseok Kim,Inventor
AHN,Inventor
PARK,Inventor
Jaeyeon,Inventor
Yongsup,Inventor
Minsu,Inventor
Iljun Cheon,Inventor
Tammy,Inventor
Seungho,Inventor
Youngsu Park,Inventor
Moon,Inventor
Brittain,Inventor
Patney,Inventor
Salvi,Inventor
Lefohn,Inventor
Munkberg,Inventor
Donald Lee Hasselgren,Inventor
Anjul,Inventor
Marco,Inventor
Aaron Eliot,Inventor
Carl J.,Inventor
Jon N.,Inventor
Hyeon-gi,Inventor
Rokkyu KIM,Inventor
Schoenmakers,Inventor
Peemen,Inventor
Remco Poto{hacek over (c)}ek,Inventor
Maurice,Inventor
Pavel,Inventor
Zhichao Fang,Inventor
Kuter Kaner,Inventor
Roy Franciscus Petrus,Inventor
Javier Van Pelt,Inventor
Olivan Bescos,Inventor
Shinichi Yamaguchi,Inventor
Mansi,Inventor
Nickel,Inventor
Pheiffer,Inventor
Marcel Dominik,Inventor
Berthold,Inventor
Stephan,Inventor
Tommaso Kannengiesser,Inventor
Ceccaldi,Inventor
Yoo,Inventor
Chekkoury,Inventor
Andrei Gibson,Inventor
Youngjin,Inventor
Nguyen D.,Inventor
Eli,Inventor
Pascal,Inventor
Lijun Gong,Inventor
Charles A.,Inventor
Leo,Inventor
Gilwoo Taylor,Inventor
Grady,Inventor
Devi,Inventor
Warier,Inventor
Vanapalli,Inventor
Modi,Inventor
Challa,Inventor
Ankit,Inventor
Prakash,Inventor
Ritvik,Inventor
Vikash,Inventor
Preetham,Inventor
Ranjana Putha,Inventor
Re,Inventor
Christophe,Inventor
Valentin Gardella,Inventor
ASKINAZI,Inventor
THOREY,Inventor
Peters,Inventor
Groth,Inventor
BROSCH,Inventor
Alexandra,Inventor
TOM,Inventor
Rolf Jürgen,Inventor
Jochen Weese,Inventor
Vilsmeier,Inventor
Jens,Inventor
Andreas,Inventor
Stefan Schmaler,Inventor
Blumhofer,Inventor
Cherukumudi,Inventor
Lucey,Inventor
Aditya,Inventor
Xinyu Ganguly,Inventor
Sujoy,Inventor
Garikipati,Inventor
Arthurs,Inventor
Iyer,Inventor
Nallamothu,Inventor
Nadakuditi,Inventor
Krishnakumar Livingston,Inventor
Figueroa-Alvarez,Inventor
Kritika,Inventor
Brahmajee Kartik,Inventor
Carlos Alberto,Inventor
Raj Rao,Inventor
Elizabeth Renee,Inventor
Christopher John,Inventor
Athul M.,Inventor
Thariq,Inventor
Riad MATHEW,Inventor
KHALID,Inventor
Souissi,Inventor
Luo,Inventor
Linjie,Inventor
Shenlong,Inventor
Jia Wang,Inventor
Odermatt,Inventor
Carl,Inventor
Roger,Inventor
Katrin,Inventor
Karin WILFRIED,Inventor
KATHRINER,Inventor
Schumann,Inventor
Gebauer,Inventor
Thomas Bedikian,Inventor
Raffi,Inventor
Beaudet,Inventor
Guy,Inventor
Alexandre,Inventor
Gabriel,Inventor
Francis Morissette,Inventor
Prevost,Inventor
Clement,Inventor
Kohn,Inventor
Soans,Inventor
Ianni,Inventor
Saul,Inventor
Julianna,Inventor
Kameswari Devi,Inventor
Rajath Elias Ayyagari,Inventor
Niklas,Inventor
Xiaoxiao,Inventor
Kyle Bruce,Inventor
Kshetrajna Itänen,Inventor
Tate,Inventor
Raghavan,Inventor
Gavish,Inventor
Yoav Levy,Inventor
Asaf,Inventor
Assaf,Inventor
Kulkarni,Inventor
Brocklehurst,Inventor
Kyle Pereira,Inventor
Wendt,Inventor
Sunil Suresh,Inventor
Jose Pio,Inventor
Laine,Inventor
Aila,Inventor
Tero Tapani,Inventor
Timo Oskari,Inventor
Samuli Matias Karras,Inventor
Kendall,Inventor
Dasgupta,Inventor
Bachrach,Inventor
Koppula,Inventor
Martirosyan,Inventor
Bry,Inventor
Matthew Stone,Inventor
Abraham Galton,Inventor
Hema,Inventor
Hayk,Inventor
Adam Parker,Inventor
Austin Charles,Inventor
Donahoe,Inventor
Saumitro,Inventor
Estrada,Inventor
Thompson,Inventor
Flure,Inventor
Backes,Inventor
Nick Ashurst,Inventor
Matt,Inventor
Andrew,Inventor
Casey,Inventor
Rajiv Tharmeswaran,Inventor
Yu-Han,Inventor
Tracey Maheswaran,Inventor
Ui Nyoung Jo,Inventor
Geun Sik,Inventor
Maya Kabkab,Inventor
Hung,Inventor
Devipriya,Inventor
Bijan Kumar,Inventor
Karthik Dinh,Inventor
Selvaraju,Inventor
Mohanty,Inventor
Sethuramalingam,Inventor
Terrence J. Torres,Inventor
Bong Seop Lee,Inventor
Hyogi,Inventor
Kideok,Inventor
Manocha,Inventor
Bhattacharya,Inventor
Guhan,Inventor
Mittal,Inventor
Dinesh Chandra,Inventor
Bera,Inventor
Uttaran,Inventor
Pooja,Inventor
Trisha,Inventor
Rohan,Inventor
Aniket,Inventor
Amitabh,Inventor
Andrew Weber,Inventor
Lucas Allen,Inventor
Michael Ross Agrawal,Inventor
Spott,Inventor
Budman,Inventor
Graf,Inventor
Bryan M. Lyons,Inventor
Ahuja,Inventor
Mahurkar,Inventor
Pericharla,Inventor
Srirama R.,Inventor
Sanjay,Inventor
Sagar Deepak Kalidindi,Inventor
Anjaneya,Inventor
LU,Inventor
YUAN,Inventor
WANG,Inventor
Sikai Cai,Inventor
Qingchao,Inventor
Yicheng,Inventor
Hai,Inventor
Yingfeng,Inventor
Chaochun,Inventor
Junichi Furumoto,Inventor
Bicanic,Inventor
Glenn Thomas,Inventor
Daniel Augustine,Inventor
Nikola Vladimir Snyder,Inventor
Robinson,Inventor
Sungwoo,Inventor
Dongjun Shin,Inventor
Katsuyuki Matsui,Inventor
Jung Bae,Inventor
Gi Baek,Inventor
Sang Min,Inventor
Ho Sung Yun,Inventor
Hong,Inventor
Weiss,Inventor
Rifkin,Inventor
Bengio,Inventor
Agiomyrgiannakis,Inventor
Clark,Inventor
Le,Inventor
Yuxuan Jaitly,Inventor
Ioannis,Inventor
Zongheng,Inventor
Quoc V.,Inventor
Robert Andrew James,Inventor
Zhifeng,Inventor
Ying,Inventor
Russell J.,Inventor
Ryan M.,Inventor
Ron J.,Inventor
Yonghui,Inventor
Gong,Inventor
Yifan Zhao,Inventor
Jinyu,Inventor
Rui,Inventor
Daniel,Inventor
Tao,Inventor
Kyu Jeong Povey,Inventor
Han,Inventor
Ghias,Inventor
Bodigutla,Inventor
Quinn,Inventor
Sethy,Inventor
Ponnusamy,Inventor
Stabile,Inventor
Zhenxiang,Inventor
Alireza Roshan,Inventor
Praveen Kumar,Inventor
Kevin,Inventor
Pragaash,Inventor
Karen Catelyn,Inventor
Bigyan,Inventor
Chenlei Rajbhandari,Inventor
Khoury,Inventor
Elie Chen,Inventor
Tianxiang,Inventor
Hoseon,Inventor
Chulmin SHIN,Inventor
LEE,Inventor
SUNG,Inventor
BEACK,Inventor
LIM,Inventor
JANG,Inventor
Mi Suk,Inventor
Seung Kwon,Inventor
Tae Jin,Inventor
Inseon,Inventor
Jongmo LEE,Inventor
Woo-taek,Inventor
Rachel Jansson,Inventor
Bittner,Inventor
Sackfield,Inventor
Jansson,Inventor
Ching Chuan,Inventor
Angus William,Inventor
Andreas Sung,Inventor
Roy D.,Inventor
Mark A. Cideciyan,Inventor
Furrer,Inventor
Lantz,Inventor
Byoun,Inventor
Kagami,Inventor
Ikedo,Inventor
Johnson,Inventor
Naoyuki Ito,Inventor
Jaesoo,Inventor
Hideaki,Inventor
Gaku,Inventor
Robert L. Horn,Inventor
Lam,Inventor
Van Der Heijden,Inventor
Terence Asif Bashir,Inventor
Chembrolu,Inventor
Petrus Antonius,Inventor
Venkatesh,Inventor
Muhammad,Inventor
Yaguang,Inventor
David R. Hall,Inventor
Jayesh R.,Inventor
Hyun,Inventor
Soonju Bhakta,Inventor
Chuang,Inventor
Li-Yeh Lin,Inventor
Cheng Hong,Inventor
Yu-Da,Inventor
Roie,Inventor
Krishnan Kanna Cimermancic,Inventor
Levy,Inventor
PALANIAPPAN,Inventor
Ian A. Schmidt,Inventor
Alix,Inventor
Yulun,Inventor
Ole,Inventor
Charles S.,Inventor
Marco Wang,Inventor
Eichhorn,Inventor
Jordan,Inventor
Pinter,Inventor
Gershoni,Inventor
Daniel Nosrati,Inventor
Farhad David,Inventor
Rai,Inventor
Peeyush Sethi,Inventor
Anuj,Inventor
Morgan J.,Inventor
John C.,Inventor
Christopher J.,Inventor
Stephen J.,Inventor
Ryann,Inventor
Sai Pranay Finley,Inventor
Petch,Inventor
Greer,Inventor
Bergner,Inventor
Ewing,Inventor
Barackman,Inventor
Malipatil,Inventor
Billeigh,Inventor
Heeren,Inventor
Danielson,Inventor
Price,Inventor
ROCKNE,Inventor
Gandhi,Inventor
PRAJAPATI,Inventor
Jessica KADAM,Inventor
Adhiraj Ganpat,Inventor
Vivek,Inventor
Timothy James,Inventor
Robert,Inventor
Coleen Patrice,Inventor
Nitin,Inventor
Kedar Mangesh,Inventor
Zhongqi,Inventor
Anling Zhang,Inventor
Laube,Inventor
Bernico,Inventor
Bokshi-Drotar,Inventor
Pamuksuz,Inventor
Marigona,Inventor
Dingchao,Inventor
Jeffrey S.,Inventor
Utku,Inventor
Edward W.,Inventor
Peter Breitweiser,Inventor
Payne,Inventor
Shukla,Inventor
Garges,Inventor
Kasoji,Inventor
Ron,Inventor
Oodaye,Inventor
Cody,Inventor
Tara,Inventor
Manjula Grabowsky,Inventor
TARAMAN,Inventor
Vaughan,Inventor
Abdelhalim Wall,Inventor
Abbas,Inventor
Brent,Inventor
Dennis,Inventor
Sharief Khalil,Inventor
Jaya,Inventor
Naghmeh,Inventor
Tyler MADALA,Inventor
GHAZALEH,Inventor
O'NEILL,Inventor
Bandaria,Inventor
Constantinos Ioannis,Inventor
Jigar Boussios,Inventor
Gliklich,Inventor
Aniruddha Amal Ramanujan,Inventor
Banerjee,Inventor
R. A.,Inventor
Czwalga,Inventor
Timothy S.,Inventor
Steve E. Meyers,Inventor
Seong Kwang,Inventor
Sanghyeon Kim,Inventor
Ding,Inventor
Jinbo Huo,Inventor
Pinghua,Inventor
Jie,Inventor
Dawei,Inventor
Tegan,Inventor
Matej Stewart,Inventor
Harrower,Inventor
Kusy,Inventor
John Colombo,Inventor
Alberto,Inventor
YEO,Inventor
IN,Inventor
Oh,Inventor
Seongjin Kim,Inventor
Sungku,Inventor
Solhee,Inventor
Jaeseok,Inventor
Kangyoon,Inventor
Chongmin,Inventor
Imran,Inventor
Dongin,Inventor
Kwangtae,Inventor
Petre,Inventor
Garrido,Inventor
Virbila,Inventor
Fong,Inventor
Gabriel Adl,Inventor
Kabakian,Inventor
Bryan H.,Inventor
Austin F.,Inventor
Adour V.,Inventor
Sanaz,Inventor
Chih-Ming Chen,Inventor
Suresh Kanyaka,Inventor
Sunny Billa,Inventor
Ravi,Inventor
Behl,Inventor
Boon Thau,Inventor
Changbin Loo,Inventor
Sreejesh,Inventor
Ronald Jay,Inventor
Michael Patrick Divakaran Nair,Inventor
Hemphill,Inventor
McGinty,Inventor
Ian Cox,Inventor
Yasuaki Yamagishi,Inventor
Abel,Inventor
Ringlein,Inventor
Burkhard Diamantopoulos,Inventor
Dionysios,Inventor
Francois,Inventor
Mazin,Inventor
Rajeev Gilbert,Inventor
Koodli,Inventor
Iwai,Inventor
Anan,Inventor
Kosei,Inventor
Takanori SAWABE,Inventor
Kobayashi,Inventor
Peiying,Inventor
Ming,Inventor
Jianglei,Inventor
Wen Zhu,Inventor
Bednarz,Inventor
Cil,Inventor
Chow,Inventor
Hwang,Inventor
Silverman,Inventor
Chan-Soo Garcia Hernandez,Inventor
Cioffi,Inventor
Tuncay,Inventor
Carlos,Inventor
Peter J.,Inventor
John M.,Inventor
Jacob Cherkas,Inventor
Maher N. Kaddoura,Inventor
Shyam,Inventor
Fred Allison,Inventor
Jarrod B. Sareen,Inventor
"Bower, III",Inventor
Jonas,Inventor
William B. Simanavicius,Inventor
Norton,Inventor
Kuehnel,Inventor
Eden Grail,Inventor
Thomas W. Adogla,Inventor
Yaolong,Inventor
Yangshu Zhu,Inventor
Ji,Inventor
Sundararajan,Inventor
Jay Kumar,Inventor
Namgoong,Inventor
Bhushan,Inventor
Vitthaladevuni,Inventor
Taesang,Inventor
Naga,Inventor
Tingfang,Inventor
Pavan Kumar,Inventor
Krishna Kiran,Inventor
June Mukkavilli,Inventor
Soiaporn,Inventor
Alvarez Miranda,Inventor
Katali,Inventor
Victor,Inventor
Pamela,Inventor
Kwan-Yuet,Inventor
Arturo,Inventor
Kunlaya Hernandez Zeledon,Inventor
William J. Ziebell,Inventor
Elder,Inventor
Allison,Inventor
Brice Fenichel,Inventor
J. Trent Adams,Inventor
Gianluca,Inventor
Jamie Grilli,Inventor
Plenderleith,Inventor
Keith,Inventor
Marc,Inventor
Colin Stewart,Inventor
Woolward,Inventor
Ross,Inventor
Kucharzyk,Inventor
Biernacki,Inventor
Gosztyla,Inventor
Norys,Inventor
Mateusz,Inventor
Grzegorz,Inventor
Jaroslaw,Inventor
Marcin Karbowski,Inventor
Martinez,Inventor
Rutz,Inventor
Buchheit-Mayer,Inventor
Kreitmann,Inventor
Maier-Avignon,Inventor
Karin,Inventor
Erich,Inventor
Michael Klaus,Inventor
Thorsten,Inventor
Jörg,Inventor
Atl Rodolfo Marsch Von Blon,Inventor
John Keith,Inventor
Mark Gates,Inventor
Fullbright,Inventor
Beaupre,Inventor
Schlerf,Inventor
Gaylord,Inventor
Melanie,Inventor
Nicholas Lee,Inventor
John Edward Manguin,Inventor
Kevin Sunlin Wang,Inventor
Martchenko,Inventor
Arunkumar,Inventor
Shintemirova,Inventor
Tsai,Inventor
Horstmann Cavazos,Inventor
Cranon,Inventor
Yuva Priya Kovalenko,Inventor
Aigerim,Inventor
Ariane Belle,Inventor
Annalilia,Inventor
Serguei,Inventor
Nicole Isis,Inventor
Michael J. Rojas,Inventor
Venkata Ravi Kiran,Inventor
Meng-Lin Dayana,Inventor
Ru Ling Ye,Inventor
Kwangpyo,Inventor
Quockhanh Choi,Inventor
DINH,Inventor
Quockhanh Park,Inventor
Minsoo,Inventor
Minwoo,Inventor
Byeongdoo,Inventor
Shan Choi,Inventor
Wenger,Inventor
Ling XU,Inventor
Xiang,Inventor
Xiaozhong,Inventor
Ajay,Inventor
Abhijit Satchidanand Gupta,Inventor
Savarkar,Inventor
Anand,Inventor
Ravi Kiran,Inventor
Rahul Dey,Inventor
Villiott,Inventor
Nelson,Inventor
Richard Templeton-Steadman,Inventor
Mark A,Inventor
Glen D,Inventor
Joan,Inventor
Jin,Inventor
Krishna K. Yang,Inventor
Bellamkonda,Inventor
Chia,Inventor
Chenchen Jacob Yeong,Inventor
Yu-Ming,Inventor
Meng-Han,Inventor
Han-Jong,Inventor
Sai-Hooi,Inventor
Rosenflanz,Inventor
Ng,Inventor
Tan,Inventor
Rong,Inventor
Dongyan Yang,Inventor
Timothy Viatcheslavovich,Inventor
Diamos,Inventor
Andrew Yan-Tak,Inventor
Bo,Inventor
Beom Sik,Inventor
Tian-Yi,Inventor
Yiwen,Inventor
Kai,Inventor
Greg Frederick,Inventor
NEZHAD,Inventor
James G. HASHEMI,Inventor
"MCCLURE, JR.",Inventor
Mehdi,Inventor
Mehrdad Arefi,Inventor
Jarret Mason New,Inventor
Jason L.,Inventor
Frederick E.,Inventor
Tamara,Inventor
David C. Harris,Inventor
"Shelton, IV",Inventor
Widenhouse,Inventor
Yates,Inventor
Neal Bream,Inventor
Devon,Inventor
Joseph A.,Inventor
Christian Swift,Inventor
Heislop,Inventor
Ortiz,Inventor
DePriest,Inventor
Pappada,Inventor
Geyer,Inventor
Durkee,Inventor
Feeney,Inventor
Scott M.,Inventor
William N.,Inventor
Seamus,Inventor
John Joseph,Inventor
Sterling,Inventor
Andres Wiggins,Inventor
Gordon,Inventor
Boss,Inventor
Muse,Inventor
Gregory J.,Inventor
Jon Kevin,Inventor
Komal,Inventor
Marilyn L. Khatri,Inventor
Menser,Inventor
Lester Engel,Inventor
Van Nijnatten,Inventor
Fred Simon Berend,Inventor
Nishant,Inventor
Johannes Wilhelmus Maria,Inventor
Klaus,Inventor
Bernd,Inventor
Ruoqiao,Inventor
Jian Yu,Inventor
Fornwalt,Inventor
Good,Inventor
Cerna,Inventor
Alvaro Ulloa,Inventor
Brandon K. Haggerty,Inventor
Mark D. Overmyer,Inventor
Vysokanov,Inventor
Pokotilov,Inventor
Ten,Inventor
Karnygin,Inventor
Chekh,Inventor
Kuanbekov,Inventor
Brailov,Inventor
Miryaha,Inventor
Sterental,Inventor
Lopes,Inventor
Blanco,Inventor
Dmitry Yurievich,Inventor
Rene M. Ramos,Inventor
Boris Aleksandrovich,Inventor
David Patrick,Inventor
Artem,Inventor
Evgenii Vladimirovich,Inventor
Dmitriy Konstantinovich,Inventor
Vladislav Andreevich,Inventor
Ahmad N.,Inventor
Michael Austin,Inventor
Eric Hsiang,Inventor
Aly R. Saleh,Inventor
Snyder,Inventor
Elbadry,Inventor
Zhi Liu,Inventor
Weifeng,Inventor
Zhuang,Inventor
Barkousaraie,Inventor
Steve Nguyen,Inventor
Azar Sadeghnejad,Inventor
Dan,Inventor
GOU,Inventor
Tianchang,Inventor
Jinsheng Yan,Inventor
Kajetan,Inventor
Stephan Berlinger,Inventor
Froehlich,Inventor
Basiri,Inventor
Kuusela,Inventor
Shahab Czeizler,Inventor
Hakala,Inventor
Esa,Inventor
Elena,Inventor
Mikko,Inventor
Geoffrey L.,Inventor
Fernando Vanderlinde,Inventor
Murat Kerim Brown,Inventor
dos Santos,Inventor
Berme,Inventor
Jeffrey Roger Stafford,Inventor
Bruce Patrick Panelli,Inventor
Schartner,Inventor
Edward J.,Inventor
Quinn William,Inventor
Joohan,Inventor
Kangsoo,Inventor
Yoonsik,Inventor
Sunryang KIM,Inventor
Shin,Inventor
KIM,Inventor
Kiyoshi MATSUOKA,Inventor
Maekawa,Inventor
Harada,Inventor
Asoh,Inventor
Satoru,Inventor
Hideki,Inventor
Kensuke,Inventor
Anatoly S. Weiser,Inventor
Shieh,Inventor
Tuan,Inventor
Akhtar,Inventor
Bicket,Inventor
Srinivasan,Inventor
John Kellerman,Inventor
Acevedo,Inventor
Sharan,Inventor
Muhammad Ali,Inventor
Abner Ayala,Inventor
Bruce,Inventor
Masashi,Inventor
Takaya SEIMIYA,Inventor
Ishii,Inventor
Jianxu Chen,Inventor
Wenlong,Inventor
Pengbin,Inventor
Fengze,Inventor
Hentzen,Inventor
Brommer,Inventor
Malyuta,Inventor
Christian Weiss,Inventor
Brockers,Inventor
Danylo,Inventor
Daniel Robert,Inventor
Roland,Inventor
Arturo Magana,Inventor
Chinthaka Pasan Affleck,Inventor
Mora,Inventor
Contreras Otalvora,Inventor
Gooneratne,Inventor
Alghamdi,Inventor
Al-Meshal,Inventor
Abdullah Al-Hajri,Inventor
Nasser Mubarak,Inventor
Fahad M.,Inventor
Jianhui,Inventor
Chinthaka Pasan,Inventor
Timothy E.,Inventor
Guodong,Inventor
Arturo Xu,Inventor
Moellendick,Inventor
Zhan,Inventor
Magana-Mora,Inventor
Pinto Frutuoso,Inventor
Nielsen,Inventor
Van Schelve,Inventor
Johnny Duarte Pereira,Inventor
Ines,Inventor
Goncalo Artur,Inventor
Nicholas Peter Owen,Inventor
Day,Inventor
Bihama Richmond,Inventor
Vedaste,Inventor
Mu,Inventor
Congmin,Inventor
Mengchao Fang,Inventor
Shannon Cash,Inventor
Toms,Inventor
Silas M.,Inventor
Ionel-Alexandru Klein,Inventor
Hosu,Inventor
Rajni Agarwal,Inventor
Julien,Inventor
Dilip Mulji,Inventor
Raghavendra Santini,Inventor
Bhalsod,Inventor
Chivukula,Inventor
Anifowose,Inventor
Ismail,Inventor
Mokhles M. Badawood,Inventor
Mezghani,Inventor
Saleh M.,Inventor
Fatai A.,Inventor
Neil David,Inventor
Thomas Peter,Inventor
Karen R,Inventor
Vikram Neal Goncharuk,Inventor
Treat,Inventor
Sahney,Inventor
Luiz V. Cheim,Inventor
Bartlomiej P. SHANKEY,Inventor
Rajwa,Inventor
Vincent T.,Inventor
Christophe Michael Jean,Inventor
Karsten,Inventor
Johan Samuel Schulke,Inventor
Sommer,Inventor
Boernert,Inventor
Van Den Brink,Inventor
Taeho HAN,Inventor
Jongwoo,Inventor
Hyoeun,Inventor
Xiaoqing Sun,Inventor
Shahidzadeh,Inventor
Karimikho,Inventor
Stevens,Inventor
Shahrokh Oliveira,Inventor
Seyedamir,Inventor
Shawn,Inventor
Fausto,Inventor
Hoffman,Inventor
Vause,Inventor
Jim Mohan,Inventor
Panneershelvam,Inventor
Katherine Elizabeth,Inventor
Christopher R.,Inventor
Paritosh,Inventor
Vedavyas,Inventor
Joshua M.,Inventor
Jacob L.,Inventor
Andrew Dixon,Inventor
LaRue,Inventor
Carritt,Inventor
John Patrick Jermann,Inventor
Boueri,Inventor
Ray,Inventor
Abhishek Nagar,Inventor
Vadayadiyil Raveendran,Inventor
Rajesh,Inventor
Seema,Inventor
Pramod,Inventor
Kaul,Inventor
Charles Howard Cella,Inventor
MA,Inventor
Kochenderfer,Inventor
LI,Inventor
Xiaobai Fujimura,Inventor
Isele,Inventor
Mykel,Inventor
Jiachen,Inventor
Kikuo,Inventor
David Francis,Inventor
Martin J.,Inventor
Julian Timothy Tsay,Inventor
Hirzel,Inventor
Dolby,Inventor
Modh,Inventor
Odibat,Inventor
Wheatley,Inventor
Omar Kwatra,Inventor
Iyoob,Inventor
Ilyas Mohamed,Inventor
Manish Mahesh,Inventor
Keri,Inventor
Ofek,Inventor
Mark,Inventor
Stacy,Inventor
John Hayon,Inventor
Goldston,Inventor
Haitsuka,Inventor
Kohl,Inventor
Lien,Inventor
Sin-Hong Huang,Inventor
Yu-Nien,Inventor
Chao-Jung,Inventor
Jen-Mao,Inventor
Chunfeng,Inventor
Rajan Hu,Inventor
Raghvendra,Inventor
Eric Leu,Inventor
Sekula,Inventor
Moore,Inventor
Mark S. Ringer,Inventor
Carranza,Inventor
Chase T.,Inventor
Manuel A.,Inventor
Mathew P.,Inventor
Edward,Inventor
Joshua Neustrom,Inventor
Neustrom,Inventor
Anat,Inventor
Vivi Shachar,Inventor
Miranda,Inventor
Gueta,Inventor
Bitton,Inventor
Yossi,Inventor
Itsik,Inventor
Limor David,Inventor
Yaobin,Inventor
Xianbo Qin,Inventor
Mair,Inventor
Youd,Inventor
Fogel,Inventor
James William Karanjkar,Inventor
Powers,Inventor
Douglas John,Inventor
James Ryan,Inventor
Allistaire,Inventor
Dhananjay Baburao,Inventor
Koushik,Inventor
Leonid,Inventor
Laurent Kuperman,Inventor
Gil,Inventor
Kaplan,Inventor
Somekh,Inventor
Yohay Haramaty-Krasne,Inventor
Shtoff,Inventor
Naama,Inventor
Oren Shlomo,Inventor
Horst Cornelius,Inventor
Saket Samulowitz,Inventor
Vu,Inventor
Sathe,Inventor
Ejsing,Inventor
Simon Kristiansen Jones,Inventor
Sri Aurobindo A,Inventor
Munagala,Inventor
Sudhindra,Inventor
Eric K.,Inventor
Julie,Inventor
Muralidharan Barnum,Inventor
Watson,Inventor
Dallen,Inventor
Gordon Merritt,Inventor
Darren Kermit,Inventor
Christof Lee,Inventor
Bornhoevd,Inventor
Agarwal,Inventor
Bency,Inventor
Kocberber,Inventor
Sundara,Inventor
Onur,Inventor
Peyman,Inventor
Nipun Faizian,Inventor
Curewitz,Inventor
Bradshaw,Inventor
Eilert,Inventor
Gunasekaran,Inventor
Swami,Inventor
Shivasankar,Inventor
Hongyu,Inventor
Sean S.,Inventor
Kenneth Marion,Inventor
Shivam,Inventor
Samuel E. Eno,Inventor
Steven Jeffrey Wallach,Inventor
Tseng,Inventor
Moreira,Inventor
Pattnaik,Inventor
Bilardi,Inventor
Pratap C.,Inventor
Jose E.,Inventor
Gianfranco,Inventor
Manoj,Inventor
Kattamuri,Inventor
Jessica Hui-Chun Ekanadham,Inventor
Yasuhiro Sugita,Inventor
Li-Wei Wei,Inventor
Gan,Inventor
Shaoli Li,Inventor
Darin Lee,Inventor
Michael Jon,Inventor
Christopher Nathan Frink,Inventor
Moen,Inventor
Xiaoqian Xiao,Inventor
Zhibin,Inventor
Thibault,Inventor
Amar,Inventor
Maxime,Inventor
Mathieu Serot,Inventor
Muharemovic,Inventor
Godeau,Inventor
Teyssedre,Inventor
Beynel,Inventor
Honnavalli,Inventor
Rajeev,Inventor
Raghuveer Prasad,Inventor
Satisha C.,Inventor
Harshit,Inventor
Parvathy Nagar,Inventor
Yanobe,Inventor
DOJI,Inventor
Toshio Nishita,Inventor
Yamada,Inventor
Atsushi,Inventor
Nobuyuki,Inventor
Satoshi,Inventor
Boxin,Inventor
Qiming Jiang,Inventor
"Richard P. Jernigan, IV",Inventor
Frank Pedersen,Inventor
Agneeswaran,Inventor
Vijay Srinivas,Inventor
Subhadip Chatterjee,Inventor
Bivens,Inventor
Paracha,Inventor
Militza Jordaan,Inventor
Muhammad Jawad,Inventor
John A. Bishop,Inventor
Kentaro OGAWA,Inventor
Huynh,Inventor
Lou,Inventor
Yanlai Li,Inventor
David Francois,Inventor
JinYu,Inventor
Yiming,Inventor
Yangyang,Inventor
Hongda,Inventor
Guanghua,Inventor
Tian,Inventor
XIANG,Inventor
Pramod K.,Inventor
Yijian,Inventor
Leo Moreno,Inventor
Jing BETTHAUSER,Inventor
Frank J. Thomas,Inventor
David Ward,Inventor
Galindo,Inventor
Dageville,Inventor
Zukowski,Inventor
Thierry,Inventor
Benoit Cruanes,Inventor
Robert Collins,Inventor
Marc-Philip,Inventor
Wolfgang Werner,Inventor
Auer,Inventor
Ohta,Inventor
Yoko Fujiwara,Inventor
Nameki,Inventor
Hidekazu,Inventor
Soh,Inventor
Manish,Inventor
Russ,Inventor
Christina Gupta,Inventor
Pavlopoulou,Inventor
Samuel Evan,Inventor
Damian Franken Sandberg,Inventor
Manning,Inventor
Palazzo,Inventor
Vermeulen,Inventor
Korf,Inventor
Vellinga,Inventor
Tristan,Inventor
Dorette,Inventor
Vasily,Inventor
David T. Teofilo,Inventor
Lisa,Inventor
NALLAJARLA,Inventor
Pillai,Inventor
Vegi,Inventor
Ramana VADLAMUDI,Inventor
Rakesh,Inventor
Sambasiva R,Inventor
Satya Sai Sita Rama Rajesh,Inventor
Antoine,Inventor
Pierre Sinton,Inventor
Leveau,Inventor
Tara Karpate,Inventor
Dhingra,Inventor
Sudarshan,Inventor
Ellis Robinson Giles,Inventor
Clifford,Inventor
Chris G. Hough,Inventor
Barnard,Inventor
Gibson,Inventor
Woo,Inventor
Rhee,Inventor
Gunhee HAN,Inventor
Dongyeon,Inventor
Seungju,Inventor
Seon Min,Inventor
Jaekyeom,Inventor
Arvide,Inventor
Werner,Inventor
Bhuyan,Inventor
Kakarlapudi,Inventor
Gattu,Inventor
Gutierrez Anez,Inventor
Alfredo Crabb,Inventor
Raquel Andrea,Inventor
Narendra,Inventor
Arijit,Inventor
Aparna Pranavi,Inventor
Sai,Inventor
Gabriel Ernesto,Inventor
Sarah,Inventor
Vladislav,Inventor
Jaroslavs Serkov,Inventor
Uljanovs,Inventor
Gokalp,Inventor
Sedat Dan,Inventor
Sam,Inventor
R J,Inventor
Jonathan Robert,Inventor
Syed Zain Michel,Inventor
Burnham,Inventor
Masood,Inventor
Sawal,Inventor
Vinay Shahul Hameed,Inventor
Sabapathy,Inventor
Sithiqu,Inventor
Ravi Shankar,Inventor
Gerard Guy,Inventor
Prithviraj,Inventor
Dilip Medioni,Inventor
Aggarwal,Inventor
Ranjan,Inventor
Pattiarachi,Inventor
Mal Hollinger,Inventor
Jonghyuk Lee,Inventor
Shemesh,Inventor
Jakobsen,Inventor
Chen Mendzylewski,Inventor
Rozenes,Inventor
Moran,Inventor
Nandy,Inventor
Nicolas,Inventor
Vaisman,Inventor
Daniel Hallel,Inventor
Ross Ainsley,Inventor
Ryan Howard,Inventor
Thomson,Inventor
Woolley,Inventor
Brandon H. MacKinnon,Inventor
Johara Abdulrahman,Inventor
Aasim Al Jarri,Inventor
Ajaz,Inventor
Mezei,Inventor
D'Amore,Inventor
Bednash,Inventor
Nicholas Louis,Inventor
Garrett Eugene Halstuch,Inventor
Cialini,Inventor
Barbas,Inventor
Qinlong Liu,Inventor
Pedro M.,Inventor
Clara,Inventor
Enzo,Inventor
Gray Franklin,Inventor
Indervir Singh,Inventor
Raghuveer Prasad Cannon,Inventor
Banipal,Inventor
Kwatra,Inventor
Nagar,Inventor
Brannon,Inventor
Babu,Inventor
Bokade,Inventor
Madhusudhan Proctor,Inventor
Kunhambu,Inventor
Raju,Inventor
Jonathan Blake,Inventor
Mithun,Inventor
Buckley,Inventor
Soni,Inventor
Bosin,Inventor
Garrick Gupta,Inventor
Emmanuelle,Inventor
Neil,Inventor
Mikhail,Inventor
Shobhit,Inventor
Dhaval N.,Inventor
Kenneth L. Chaudhri,Inventor
Kocienda,Inventor
Aloisio,Inventor
Joyce,Inventor
Dahyun,Inventor
Robert A.,Inventor
Scott Hollister,Inventor
Fanello,Inventor
Pandey,Inventor
Rodgers,Inventor
Aboussouan,Inventor
Kowdle,Inventor
Adarsh Prakash Murthy,Inventor
Ivana Tosic,Inventor
Sean Ryan Francesco,Inventor
Sofien,Inventor
Rohit Kumar Bouaziz,Inventor
Yingjie,Inventor
Zhihua Wu,Inventor
Mak,Inventor
Chan,Inventor
Wang Fai,Inventor
Wing Hung,Inventor
Keng Fai,Inventor
On Loy,Inventor
Long Sung,Inventor
Beom Oh,Inventor
Tae Hyun,Inventor
Ji Chan,Inventor
Won Ho MAENG,Inventor
Stack,Inventor
Christopher P.,Inventor
Graham R.,Inventor
Eric Lance,Inventor
Caelan G. Foss,Inventor
Clarke,Inventor
Dubois,Inventor
Raffy,Inventor
Philippe,Inventor
Jean-Francois,Inventor
Ashish Pambrun,Inventor
Viraraghavan,Inventor
El-Batal,Inventor
Dykes,Inventor
Jon D.,Inventor
Trantham,Inventor
Gilbert,Inventor
Kalarickal,Inventor
Totin,Inventor
John W.,Inventor
Sangita Shreedharan,Inventor
Praveen,Inventor
Mohamad,Inventor
Matthew J.,Inventor
Darshana H.,Inventor
Ian J. Mehta,Inventor
Ruslan SHIGABUTDINOV,Inventor
Dua,Inventor
Subrahmanyam,Inventor
Nowatzyk,Inventor
Isam Nayak,Inventor
Pratap,Inventor
Adarsh Seethanadi,Inventor
Akkawi,Inventor
Nishchay,Inventor
Eran Eliash,Inventor
Bazarsky,Inventor
Tomer,Inventor
Seong Won SHIN,Inventor
Ravikanth,Inventor
Arindam Dronamraju,Inventor
Tomishima,Inventor
Ling,Inventor
Shigeki Chauhan,Inventor
Hassan,Inventor
Andrew Chaang,Inventor
Nilesh N.,Inventor
Chetan,Inventor
Nahid,Inventor
Jimmy Yu,Inventor
Kristofer N.,Inventor
Jorge I.,Inventor
Soemin Wu,Inventor
Iverson,Inventor
Raastroem,Inventor
Tjong,Inventor
Lutz Keferstein,Inventor
Chegini,Inventor
Hedjazi,Inventor
Michael M. Hooper,Inventor
S. Jay,Inventor
Steven,Inventor
